dteday,Recency,Frequency,Monetary,R_Score,F_Score,M_Score,RFM_Score,Segment
2011-01-01,1.0,0.11079153244362633,0.11079153244362633,1,1,1,3,At Risk
2011-01-02,0.9986301369863014,0.08962264150943397,0.08962264150943397,1,1,1,3,At Risk
2011-01-03,0.9972602739726028,0.15266912103083297,0.15266912103083297,1,1,1,3,At Risk
2011-01-04,0.9958904109589041,0.1771744132535665,0.1771744132535665,1,1,1,3,At Risk
2011-01-05,0.9945205479452055,0.18154624942475842,0.18154624942475842,1,1,1,3,At Risk
2011-01-06,0.9931506849315068,0.18223653934652556,0.18223653934652556,1,1,1,3,At Risk
2011-01-07,0.9917808219178083,0.17119190059825126,0.17119190059825126,1,1,1,3,At Risk
2011-01-08,0.9904109589041096,0.10780027611596871,0.10780027611596871,1,1,1,3,At Risk
2011-01-09,0.989041095890411,0.09203865623561897,0.09203865623561897,1,1,1,3,At Risk
2011-01-10,0.9876712328767123,0.14944776806258628,0.14944776806258628,1,1,1,3,At Risk
2011-01-11,0.9863013698630138,0.14277496548550392,0.14277496548550392,1,1,1,3,At Risk
2011-01-12,0.9849315068493151,0.13115508513575702,0.13115508513575702,1,1,1,3,At Risk
2011-01-13,0.9835616438356164,0.1592268752876208,0.1592268752876208,1,1,1,3,At Risk
2011-01-14,0.9821917808219178,0.16095260009203866,0.16095260009203866,1,1,1,3,At Risk
2011-01-15,0.9808219178082191,0.14104924068108607,0.14104924068108607,1,1,1,3,At Risk
2011-01-16,0.9794520547945206,0.135987114588127,0.135987114588127,1,1,1,3,At Risk
2011-01-17,0.9780821917808219,0.11251725724804418,0.11251725724804418,1,1,1,3,At Risk
2011-01-18,0.9767123287671233,0.07604693971468017,0.07604693971468017,1,1,1,3,At Risk
2011-01-19,0.9753424657534246,0.1872986654394846,0.1872986654394846,1,1,1,3,At Risk
2011-01-20,0.9739726027397261,0.21916705016106766,0.21916705016106766,1,1,1,3,At Risk
2011-01-21,0.9726027397260274,0.17498849516797055,0.17498849516797055,1,1,1,3,At Risk
2011-01-22,0.9712328767123288,0.11033133916244824,0.11033133916244824,1,1,1,3,At Risk
2011-01-23,0.9698630136986301,0.11090658076392085,0.11090658076392085,1,1,1,3,At Risk
2011-01-24,0.9684931506849315,0.16037735849056603,0.16037735849056603,1,1,1,3,At Risk
2011-01-25,0.9671232876712329,0.22583985273815002,0.22583985273815002,1,1,1,3,At Risk
2011-01-26,0.9657534246575342,0.05568338702254947,0.05568338702254947,1,1,1,3,At Risk
2011-01-27,0.9643835616438357,0.047054763000460194,0.047054763000460194,1,1,1,3,At Risk
2011-01-28,0.963013698630137,0.13173032673722965,0.13173032673722965,1,1,1,3,At Risk
2011-01-29,0.9616438356164384,0.12379199263690752,0.12379199263690752,1,1,1,3,At Risk
2011-01-30,0.9602739726027397,0.12356189599631845,0.12356189599631845,1,1,1,3,At Risk
2011-01-31,0.9589041095890412,0.17015646571560056,0.17015646571560056,1,1,1,3,At Risk
2011-02-01,0.9575342465753425,0.1539346525540727,0.1539346525540727,1,1,1,3,At Risk
2011-02-02,0.9561643835616438,0.17303267372296366,0.17303267372296366,1,1,1,3,At Risk
2011-02-03,0.9547945205479452,0.1757938334100322,0.1757938334100322,1,1,1,3,At Risk
2011-02-04,0.9534246575342465,0.19397146801656698,0.19397146801656698,1,1,1,3,At Risk
2011-02-05,0.952054794520548,0.1130924988495168,0.1130924988495168,1,1,1,3,At Risk
2011-02-06,0.9506849315068493,0.18419236079153245,0.18419236079153245,1,1,1,3,At Risk
2011-02-07,0.9493150684931507,0.19443166129774506,0.19443166129774506,1,1,1,3,At Risk
2011-02-08,0.947945205479452,0.17349286700414174,0.17349286700414174,1,1,1,3,At Risk
2011-02-09,0.9465753424657535,0.182121491026231,0.182121491026231,1,1,1,3,At Risk
2011-02-10,0.9452054794520548,0.17441325356649792,0.17441325356649792,1,1,1,3,At Risk
2011-02-11,0.9438356164383561,0.19834330418775886,0.19834330418775886,1,1,1,3,At Risk
2011-02-12,0.9424657534246575,0.16682006442705938,0.16682006442705938,1,1,1,3,At Risk
2011-02-13,0.9410958904109589,0.18028071790151864,0.18028071790151864,1,1,1,3,At Risk
2011-02-14,0.9397260273972603,0.21755637367694433,0.21755637367694433,1,1,1,3,At Risk
2011-02-15,0.9383561643835616,0.206281638288081,0.206281638288081,1,1,1,3,At Risk
2011-02-16,0.936986301369863,0.24079613437643815,0.24079613437643815,1,1,1,3,At Risk
2011-02-17,0.9356164383561644,0.28221352968246666,0.28221352968246666,1,1,1,3,At Risk
2011-02-18,0.9342465753424658,0.33421537045559135,0.33421537045559135,1,1,1,3,At Risk
2011-02-19,0.9328767123287671,0.18557294063506674,0.18557294063506674,1,1,1,3,At Risk
2011-02-20,0.9315068493150686,0.20593649332719743,0.20593649332719743,1,1,1,3,At Risk
2011-02-21,0.9301369863013699,0.12482742751955822,0.12482742751955822,1,1,1,3,At Risk
2011-02-22,0.9287671232876712,0.16428900138057986,0.16428900138057986,1,1,1,3,At Risk
2011-02-23,0.9273972602739726,0.2180165669581224,0.2180165669581224,1,1,1,3,At Risk
2011-02-24,0.9260273972602739,0.2053612517257248,0.2053612517257248,1,1,1,3,At Risk
2011-02-25,0.9246575342465754,0.1655545329038196,0.1655545329038196,1,1,1,3,At Risk
2011-02-26,0.9232876712328767,0.22399907961343765,0.22399907961343765,1,1,1,3,At Risk
2011-02-27,0.9219178082191781,0.2738150023009664,0.2738150023009664,1,1,1,3,At Risk
2011-02-28,0.9205479452054794,0.16382880809940176,0.16382880809940176,1,1,1,3,At Risk
2011-03-01,0.9191780821917809,0.21042337781868387,0.21042337781868387,1,1,1,3,At Risk
2011-03-02,0.9178082191780822,0.24298205246203408,0.24298205246203408,1,1,1,3,At Risk
2011-03-03,0.9164383561643835,0.19132535664979292,0.19132535664979292,1,1,1,3,At Risk
2011-03-04,0.915068493150685,0.22112287160607455,0.22112287160607455,1,1,1,3,At Risk
2011-03-05,0.9136986301369863,0.23642429820524624,0.23642429820524624,1,1,1,3,At Risk
2011-03-06,0.9123287671232877,0.06707317073170732,0.06707317073170732,1,1,1,3,At Risk
2011-03-07,0.910958904109589,0.21283939254486886,0.21283939254486886,1,1,1,3,At Risk
2011-03-08,0.9095890410958904,0.24286700414173956,0.24286700414173956,1,1,1,3,At Risk
2011-03-09,0.9082191780821918,0.21502531063046482,0.21502531063046482,1,1,1,3,At Risk
2011-03-10,0.9068493150684932,0.06914404049700874,0.06914404049700874,1,1,1,3,At Risk
2011-03-11,0.9054794520547945,0.22491946617579384,0.22491946617579384,1,1,1,3,At Risk
2011-03-12,0.904109589041096,0.24275195582144504,0.24275195582144504,1,1,1,3,At Risk
2011-03-13,0.9027397260273973,0.2755407271053843,0.2755407271053843,1,1,1,3,At Risk
2011-03-14,0.9013698630136986,0.23285780027611597,0.23285780027611597,1,1,1,3,At Risk
2011-03-15,0.9,0.23400828347906125,0.23400828347906125,1,1,1,3,At Risk
2011-03-16,0.8986301369863013,0.24965485503911647,0.24965485503911647,1,1,1,3,At Risk
2011-03-17,0.8972602739726028,0.31316152784169354,0.31316152784169354,1,1,1,3,At Risk
2011-03-18,0.8958904109589041,0.37011044638748275,0.37011044638748275,1,2,2,5,Potential Customers
2011-03-19,0.8945205479452055,0.35607455131155086,0.35607455131155086,1,1,1,3,At Risk
2011-03-20,0.8931506849315068,0.2817533364012886,0.2817533364012886,1,1,1,3,At Risk
2011-03-21,0.8917808219178083,0.23642429820524624,0.23642429820524624,1,1,1,3,At Risk
2011-03-22,0.8904109589041096,0.3084445467096181,0.3084445467096181,1,1,1,3,At Risk
2011-03-23,0.8890410958904109,0.24148642429820527,0.24148642429820527,1,1,1,3,At Risk
2011-03-24,0.8876712328767123,0.2120340543028072,0.2120340543028072,1,1,1,3,At Risk
2011-03-25,0.8863013698630137,0.25172572480441785,0.25172572480441785,1,1,1,3,At Risk
2011-03-26,0.8849315068493151,0.2846295444086516,0.2846295444086516,1,1,1,3,At Risk
2011-03-27,0.8835616438356164,0.1922457432121491,0.1922457432121491,1,1,1,3,At Risk
2011-03-28,0.8821917808219178,0.23078693051081456,0.23078693051081456,1,1,1,3,At Risk
2011-03-29,0.8808219178082192,0.27646111366774045,0.27646111366774045,1,1,1,3,At Risk
2011-03-30,0.8794520547945206,0.17418315692590888,0.17418315692590888,1,1,1,3,At Risk
2011-03-31,0.8780821917808219,0.19132535664979292,0.19132535664979292,1,1,1,3,At Risk
2011-04-01,0.8767123287671232,0.2536815462494248,0.2536815462494248,1,1,1,3,At Risk
2011-04-02,0.8753424657534247,0.25655775425678784,0.25655775425678784,1,1,1,3,At Risk
2011-04-03,0.873972602739726,0.371260929590428,0.371260929590428,1,2,2,5,Potential Customers
2011-04-04,0.8726027397260274,0.3558444546709618,0.3558444546709618,1,1,1,3,At Risk
2011-04-05,0.8712328767123287,0.20398067188219052,0.20398067188219052,1,1,1,3,At Risk
2011-04-06,0.8698630136986302,0.320524620340543,0.320524620340543,1,1,1,3,At Risk
2011-04-07,0.8684931506849315,0.35883571099861944,0.35883571099861944,1,1,1,3,At Risk
2011-04-08,0.8671232876712329,0.16670501610676486,0.16670501610676486,1,1,1,3,At Risk
2011-04-09,0.8657534246575342,0.27991256327657615,0.27991256327657615,1,1,1,3,At Risk
2011-04-10,0.8643835616438357,0.3305338242061666,0.3305338242061666,1,1,1,3,At Risk
2011-04-11,0.863013698630137,0.38265071329958583,0.38265071329958583,1,2,2,5,Potential Customers
2011-04-12,0.8616438356164383,0.2314772204325817,0.2314772204325817,1,1,1,3,At Risk
2011-04-13,0.8602739726027397,0.24620340543028074,0.24620340543028074,1,1,1,3,At Risk
2011-04-14,0.8589041095890411,0.3733317993557294,0.3733317993557294,1,2,2,5,Potential Customers
2011-04-15,0.8575342465753425,0.3571099861942016,0.3571099861942016,1,1,1,3,At Risk
2011-04-16,0.8561643835616438,0.08893235158766682,0.08893235158766682,1,1,1,3,At Risk
2011-04-17,0.8547945205479452,0.4282098481362172,0.4282098481362172,1,2,2,5,Potential Customers
2011-04-18,0.8534246575342466,0.39196962724344225,0.39196962724344225,1,2,2,5,Potential Customers
2011-04-19,0.852054794520548,0.36608375517717445,0.36608375517717445,1,2,2,5,Potential Customers
2011-04-20,0.8506849315068493,0.45121951219512196,0.45121951219512196,1,2,2,5,Potential Customers
2011-04-21,0.8493150684931506,0.4794063506672802,0.4794063506672802,1,2,2,5,Potential Customers
2011-04-22,0.8479452054794521,0.19109526000920388,0.19109526000920388,1,1,1,3,At Risk
2011-04-23,0.8465753424657534,0.46180395766221816,0.46180395766221816,1,2,2,5,Potential Customers
2011-04-24,0.8452054794520548,0.47963644730786925,0.47963644730786925,1,2,2,5,Potential Customers
2011-04-25,0.8438356164383561,0.46606074551311555,0.46606074551311555,1,2,2,5,Potential Customers
2011-04-26,0.8424657534246576,0.5036815462494247,0.5036815462494247,1,2,2,5,Potential Customers
2011-04-27,0.8410958904109589,0.4429360331339163,0.4429360331339163,1,2,2,5,Potential Customers
2011-04-28,0.8397260273972603,0.4643350207086977,0.4643350207086977,1,2,2,5,Potential Customers
2011-04-29,0.8383561643835616,0.526115968706857,0.526115968706857,1,3,3,7,Loyal Customers
2011-04-30,0.8369863013698631,0.6086056143580304,0.6086056143580304,1,3,3,7,Loyal Customers
2011-05-01,0.8356164383561644,0.3829958582604694,0.3829958582604694,1,2,2,5,Potential Customers
2011-05-02,0.8342465753424657,0.5037965945697193,0.5037965945697193,1,2,2,5,Potential Customers
2011-05-03,0.8328767123287671,0.5095490105844455,0.5095490105844455,1,2,2,5,Potential Customers
2011-05-04,0.8315068493150685,0.30039116428900137,0.30039116428900137,1,1,1,3,At Risk
2011-05-05,0.8301369863013699,0.5074781408191441,0.5074781408191441,1,2,2,5,Potential Customers
2011-05-06,0.8287671232876712,0.5276115968706857,0.5276115968706857,1,3,3,7,Loyal Customers
2011-05-07,0.8273972602739726,0.5398067188219052,0.5398067188219052,1,3,3,7,Loyal Customers
2011-05-08,0.826027397260274,0.49597330878969165,0.49597330878969165,1,2,2,5,Potential Customers
2011-05-09,0.8246575342465754,0.4993097100782328,0.4993097100782328,1,2,2,5,Potential Customers
2011-05-10,0.8232876712328767,0.5500460193281178,0.5500460193281178,1,3,3,7,Loyal Customers
2011-05-11,0.821917808219178,0.4786010124252186,0.4786010124252186,1,2,2,5,Potential Customers
2011-05-12,0.8205479452054795,0.5570639668660837,0.5570639668660837,1,3,3,7,Loyal Customers
2011-05-13,0.8191780821917808,0.46974229176254023,0.46974229176254023,1,2,2,5,Potential Customers
2011-05-14,0.8178082191780822,0.3896686608375518,0.3896686608375518,1,2,2,5,Potential Customers
2011-05-15,0.8164383561643835,0.5212839392544869,0.5212839392544869,1,3,3,7,Loyal Customers
2011-05-16,0.815068493150685,0.4528301886792453,0.4528301886792453,1,2,2,5,Potential Customers
2011-05-17,0.8136986301369863,0.47181316152784164,0.47181316152784164,1,2,2,5,Potential Customers
2011-05-18,0.8123287671232877,0.4409802116889094,0.4409802116889094,1,2,2,5,Potential Customers
2011-05-19,0.810958904109589,0.5238150023009664,0.5238150023009664,1,3,3,7,Loyal Customers
2011-05-20,0.8095890410958905,0.5631615278416935,0.5631615278416935,1,3,3,7,Loyal Customers
2011-05-21,0.8082191780821918,0.6653244362632306,0.6653244362632306,1,3,3,7,Loyal Customers
2011-05-22,0.8068493150684931,0.533594109526001,0.533594109526001,1,3,3,7,Loyal Customers
2011-05-23,0.8054794520547945,0.4891854578923147,0.4891854578923147,1,2,2,5,Potential Customers
2011-05-24,0.8041095890410959,0.514265991716521,0.514265991716521,1,2,2,5,Potential Customers
2011-05-25,0.8027397260273973,0.5701794753796595,0.5701794753796595,1,3,3,7,Loyal Customers
2011-05-26,0.8013698630136986,0.5355499309710079,0.5355499309710079,1,3,3,7,Loyal Customers
2011-05-27,0.8,0.5357800276115969,0.5357800276115969,1,3,3,7,Loyal Customers
2011-05-28,0.7986301369863014,0.5448688449148643,0.5448688449148643,1,3,3,7,Loyal Customers
2011-05-29,0.7972602739726028,0.5483202945237,0.5483202945237,1,3,3,7,Loyal Customers
2011-05-30,0.7958904109589041,0.4689369535204786,0.4689369535204786,1,2,2,5,Potential Customers
2011-05-31,0.7945205479452054,0.4555913483663139,0.4555913483663139,1,2,2,5,Potential Customers
2011-06-01,0.7931506849315069,0.45467096180395766,0.45467096180395766,1,2,2,5,Potential Customers
2011-06-02,0.7917808219178082,0.5690289921767142,0.5690289921767142,1,3,3,7,Loyal Customers
2011-06-03,0.7904109589041096,0.6086056143580304,0.6086056143580304,1,3,3,7,Loyal Customers
2011-06-04,0.7890410958904109,0.6120570639668661,0.6120570639668661,1,3,3,7,Loyal Customers
2011-06-05,0.7876712328767124,0.5618959963184538,0.5618959963184538,1,3,3,7,Loyal Customers
2011-06-06,0.7863013698630137,0.5207086976530143,0.5207086976530143,1,2,2,5,Potential Customers
2011-06-07,0.7849315068493151,0.5534974689369535,0.5534974689369535,1,3,3,7,Loyal Customers
2011-06-08,0.7835616438356164,0.5037965945697193,0.5037965945697193,1,2,2,5,Potential Customers
2011-06-09,0.7821917808219178,0.4478831109065808,0.4478831109065808,1,2,2,5,Potential Customers
2011-06-10,0.7808219178082192,0.5250805338242062,0.5250805338242062,1,3,3,7,Loyal Customers
2011-06-11,0.7794520547945205,0.5687988955361252,0.5687988955361252,1,3,3,7,Loyal Customers
2011-06-12,0.7780821917808219,0.5105844454670962,0.5105844454670962,1,2,2,5,Potential Customers
2011-06-13,0.7767123287671233,0.5750115048320295,0.5750115048320295,1,3,3,7,Loyal Customers
2011-06-14,0.7753424657534247,0.5601702715140359,0.5601702715140359,1,3,3,7,Loyal Customers
2011-06-15,0.773972602739726,0.5934192360791533,0.5934192360791533,1,3,3,7,Loyal Customers
2011-06-16,0.7726027397260274,0.43085595950299127,0.43085595950299127,1,2,2,5,Potential Customers
2011-06-17,0.7712328767123288,0.5547630004601933,0.5547630004601933,1,3,3,7,Loyal Customers
2011-06-18,0.7698630136986302,0.5864012885411873,0.5864012885411873,1,3,3,7,Loyal Customers
2011-06-19,0.7684931506849315,0.5432581684307409,0.5432581684307409,1,3,3,7,Loyal Customers
2011-06-20,0.7671232876712328,0.45881270133456054,0.45881270133456054,1,2,2,5,Potential Customers
2011-06-21,0.7657534246575343,0.5537275655775425,0.5537275655775425,1,3,3,7,Loyal Customers
2011-06-22,0.7643835616438356,0.5159917165209388,0.5159917165209388,1,2,2,5,Potential Customers
2011-06-23,0.763013698630137,0.548550391164289,0.548550391164289,1,3,3,7,Loyal Customers
2011-06-24,0.7616438356164383,0.5716751035434883,0.5716751035434883,1,3,3,7,Loyal Customers
2011-06-25,0.7602739726027398,0.5959502991256328,0.5959502991256328,1,3,3,7,Loyal Customers
2011-06-26,0.7589041095890411,0.6078002761159688,0.6078002761159688,1,3,3,7,Loyal Customers
2011-06-27,0.7575342465753425,0.5391164289001381,0.5391164289001381,1,3,3,7,Loyal Customers
2011-06-28,0.7561643835616438,0.5322135296824667,0.5322135296824667,1,3,3,7,Loyal Customers
2011-06-29,0.7547945205479452,0.5985964104924069,0.5985964104924069,1,3,3,7,Loyal Customers
2011-06-30,0.7534246575342466,0.6319604233778187,0.6319604233778187,1,3,3,7,Loyal Customers
2011-07-01,0.7520547945205479,0.6143580303727566,0.6143580303727566,1,3,3,7,Loyal Customers
2011-07-02,0.7506849315068493,0.5864012885411873,0.5864012885411873,1,3,3,7,Loyal Customers
2011-07-03,0.7493150684931507,0.5323285780027612,0.5323285780027612,2,3,3,8,Loyal Customers
2011-07-04,0.7479452054794521,0.6927059364933272,0.6927059364933272,2,4,4,10,Best Customers
2011-07-05,0.7465753424657534,0.5341693511274735,0.5341693511274735,2,3,3,8,Loyal Customers
2011-07-06,0.7452054794520548,0.5300276115968707,0.5300276115968707,2,3,3,8,Loyal Customers
2011-07-07,0.7438356164383562,0.5257708237459733,0.5257708237459733,2,3,3,8,Loyal Customers
2011-07-08,0.7424657534246576,0.46226415094339623,0.46226415094339623,2,2,2,6,Potential Customers
2011-07-09,0.7410958904109589,0.611366774045099,0.611366774045099,2,3,3,8,Loyal Customers
2011-07-10,0.7397260273972602,0.5590197883110907,0.5590197883110907,2,3,3,8,Loyal Customers
2011-07-11,0.7383561643835617,0.46755637367694436,0.46755637367694436,2,2,2,6,Potential Customers
2011-07-12,0.736986301369863,0.48734468476760234,0.48734468476760234,2,2,2,6,Potential Customers
2011-07-13,0.7356164383561644,0.4970087436723424,0.4970087436723424,2,2,2,6,Potential Customers
2011-07-14,0.7342465753424657,0.582374597330879,0.582374597330879,2,3,3,8,Loyal Customers
2011-07-15,0.7328767123287672,0.6346065347445927,0.6346065347445927,2,3,3,8,Loyal Customers
2011-07-16,0.7315068493150685,0.6789001380579844,0.6789001380579844,2,3,3,8,Loyal Customers
2011-07-17,0.7301369863013699,0.6074551311550852,0.6074551311550852,2,3,3,8,Loyal Customers
2011-07-18,0.7287671232876712,0.5103543488265072,0.5103543488265072,2,2,2,6,Potential Customers
2011-07-19,0.7273972602739726,0.5199033594109527,0.5199033594109527,2,2,2,6,Potential Customers
2011-07-20,0.726027397260274,0.4958582604693971,0.4958582604693971,2,2,2,6,Potential Customers
2011-07-21,0.7246575342465753,0.43281178094799816,0.43281178094799816,2,2,2,6,Potential Customers
2011-07-22,0.7232876712328767,0.38713759779107226,0.38713759779107226,2,2,2,6,Potential Customers
2011-07-23,0.7219178082191781,0.3754026691210309,0.3754026691210309,2,2,2,6,Potential Customers
2011-07-24,0.7205479452054795,0.41233317993557295,0.41233317993557295,2,2,2,6,Potential Customers
2011-07-25,0.7191780821917808,0.4392544868844915,0.4392544868844915,2,2,2,6,Potential Customers
2011-07-26,0.7178082191780822,0.5255407271053842,0.5255407271053842,2,3,3,8,Loyal Customers
2011-07-27,0.7164383561643836,0.5331339162448229,0.5331339162448229,2,3,3,8,Loyal Customers
2011-07-28,0.715068493150685,0.5025310630464795,0.5025310630464795,2,2,2,6,Potential Customers
2011-07-29,0.7136986301369863,0.43994477680625865,0.43994477680625865,2,2,2,6,Potential Customers
2011-07-30,0.7123287671232876,0.512310170271514,0.512310170271514,2,2,2,6,Potential Customers
2011-07-31,0.7109589041095891,0.49240681086056143,0.49240681086056143,2,2,2,6,Potential Customers
2011-08-01,0.7095890410958904,0.48826507132995856,0.48826507132995856,2,2,2,6,Potential Customers
2011-08-02,0.7082191780821918,0.5548780487804879,0.5548780487804879,2,3,3,8,Loyal Customers
2011-08-03,0.7068493150684931,0.4086516336861482,0.4086516336861482,2,2,2,6,Potential Customers
2011-08-04,0.7054794520547946,0.523930050621261,0.523930050621261,2,3,3,8,Loyal Customers
2011-08-05,0.7041095890410959,0.5572940635066729,0.5572940635066729,2,3,3,8,Loyal Customers
2011-08-06,0.7027397260273973,0.4914864242982052,0.4914864242982052,2,2,2,6,Potential Customers
2011-08-07,0.7013698630136986,0.4329268292682927,0.4329268292682927,2,2,2,6,Potential Customers
2011-08-08,0.7,0.49516797054762995,0.49516797054762995,2,2,2,6,Potential Customers
2011-08-09,0.6986301369863014,0.5269213069489186,0.5269213069489186,2,3,3,8,Loyal Customers
2011-08-10,0.6972602739726027,0.5473999079613437,0.5473999079613437,2,3,3,8,Loyal Customers
2011-08-11,0.6958904109589041,0.5487804878048781,0.5487804878048781,2,3,3,8,Loyal Customers
2011-08-12,0.6945205479452055,0.5617809479981593,0.5617809479981593,2,3,3,8,Loyal Customers
2011-08-13,0.6931506849315069,0.4749194661757938,0.4749194661757938,2,2,2,6,Potential Customers
2011-08-14,0.6917808219178082,0.43695352047860103,0.43695352047860103,2,2,2,6,Potential Customers
2011-08-15,0.6904109589041096,0.49654855039116425,0.49654855039116425,2,2,2,6,Potential Customers
2011-08-16,0.689041095890411,0.541072250345145,0.541072250345145,2,3,3,8,Loyal Customers
2011-08-17,0.6876712328767123,0.5375057524160147,0.5375057524160147,2,3,3,8,Loyal Customers
2011-08-18,0.6863013698630137,0.4352277956741832,0.4352277956741832,2,2,2,6,Potential Customers
2011-08-19,0.684931506849315,0.4752646111366774,0.4752646111366774,2,2,2,6,Potential Customers
2011-08-20,0.6835616438356165,0.5946847676023931,0.5946847676023931,2,3,3,8,Loyal Customers
2011-08-21,0.6821917808219178,0.4430510814542108,0.4430510814542108,2,2,2,6,Potential Customers
2011-08-22,0.6808219178082192,0.5448688449148643,0.5448688449148643,2,3,3,8,Loyal Customers
2011-08-23,0.6794520547945205,0.6756787850897378,0.6756787850897378,2,3,3,8,Loyal Customers
2011-08-24,0.678082191780822,0.587666820064427,0.587666820064427,2,3,3,8,Loyal Customers
2011-08-25,0.6767123287671233,0.4049700874367234,0.4049700874367234,2,2,2,6,Potential Customers
2011-08-26,0.6753424657534247,0.5337091578462955,0.5337091578462955,2,3,3,8,Loyal Customers
2011-08-27,0.673972602739726,0.1257478140819144,0.1257478140819144,2,1,1,4,At Risk
2011-08-28,0.6726027397260274,0.49608835710998617,0.49608835710998617,2,2,2,6,Potential Customers
2011-08-29,0.6712328767123288,0.5306028531983433,0.5306028531983433,2,3,3,8,Loyal Customers
2011-08-30,0.6698630136986301,0.5961803957662218,0.5961803957662218,2,3,3,8,Loyal Customers
2011-08-31,0.6684931506849315,0.5793833410032214,0.5793833410032214,2,3,3,8,Loyal Customers
2011-09-01,0.6671232876712329,0.5859410952600093,0.5859410952600093,2,3,3,8,Loyal Customers
2011-09-02,0.6657534246575343,0.541302346985734,0.541302346985734,2,3,3,8,Loyal Customers
2011-09-03,0.6643835616438356,0.5133456051541647,0.5133456051541647,2,2,2,6,Potential Customers
2011-09-04,0.663013698630137,0.5658076392084675,0.5658076392084675,2,3,3,8,Loyal Customers
2011-09-05,0.6616438356164384,0.3829958582604694,0.3829958582604694,2,2,2,6,Potential Customers
2011-09-06,0.6602739726027397,0.3092498849516797,0.3092498849516797,2,1,1,4,At Risk
2011-09-07,0.6589041095890411,0.2271053842613898,0.2271053842613898,2,1,1,4,At Risk
2011-09-08,0.6575342465753424,0.20938794293603313,0.20938794293603313,2,1,1,4,At Risk
2011-09-09,0.6561643835616439,0.4052001840773125,0.4052001840773125,2,2,2,6,Potential Customers
2011-09-10,0.6547945205479452,0.6124022089277497,0.6124022089277497,2,3,3,8,Loyal Customers
2011-09-11,0.6534246575342466,0.5780027611596871,0.5780027611596871,2,3,3,8,Loyal Customers
2011-09-12,0.6520547945205479,0.5396916705016107,0.5396916705016107,2,3,3,8,Loyal Customers
2011-09-13,0.6506849315068494,0.5454440865163369,0.5454440865163369,2,3,3,8,Loyal Customers
2011-09-14,0.6493150684931507,0.5479751495628165,0.5479751495628165,2,3,3,8,Loyal Customers
2011-09-15,0.6479452054794521,0.4184307409111827,0.4184307409111827,2,2,2,6,Potential Customers
2011-09-16,0.6465753424657534,0.5450989415554534,0.5450989415554534,2,3,3,8,Loyal Customers
2011-09-17,0.6452054794520548,0.5164519098021169,0.5164519098021169,2,2,2,6,Potential Customers
2011-09-18,0.6438356164383562,0.4891854578923147,0.4891854578923147,2,2,2,6,Potential Customers
2011-09-19,0.6424657534246575,0.5196732627703636,0.5196732627703636,2,2,2,6,Potential Customers
2011-09-20,0.6410958904109589,0.4163598711458813,0.4163598711458813,2,2,2,6,Potential Customers
2011-09-21,0.6397260273972603,0.49815922687528763,0.49815922687528763,2,2,2,6,Potential Customers
2011-09-22,0.6383561643835617,0.5491256327657617,0.5491256327657617,2,3,3,8,Loyal Customers
2011-09-23,0.636986301369863,0.27300966405890476,0.27300966405890476,2,1,1,4,At Risk
2011-09-24,0.6356164383561644,0.6213759779107225,0.6213759779107225,2,3,3,8,Loyal Customers
2011-09-25,0.6342465753424658,0.5738610216290843,0.5738610216290843,2,3,3,8,Loyal Customers
2011-09-26,0.6328767123287671,0.5301426599171652,0.5301426599171652,2,3,3,8,Loyal Customers
2011-09-27,0.6315068493150685,0.4714680165669581,0.4714680165669581,2,2,2,6,Potential Customers
2011-09-28,0.6301369863013698,0.44696272434422457,0.44696272434422457,2,2,2,6,Potential Customers
2011-09-29,0.6287671232876713,0.5541877588587207,0.5541877588587207,2,3,3,8,Loyal Customers
2011-09-30,0.6273972602739726,0.5959502991256328,0.5959502991256328,2,3,3,8,Loyal Customers
2011-10-01,0.626027397260274,0.27692130694891853,0.27692130694891853,2,1,1,4,At Risk
2011-10-02,0.6246575342465753,0.3331799355729406,0.3331799355729406,2,1,1,4,At Risk
2011-10-03,0.6232876712328768,0.40819144040497013,0.40819144040497013,2,2,2,6,Potential Customers
2011-10-04,0.6219178082191781,0.5101242521859181,0.5101242521859181,2,2,2,6,Potential Customers
2011-10-05,0.6205479452054795,0.5526921306948919,0.5526921306948919,2,3,3,8,Loyal Customers
2011-10-06,0.6191780821917808,0.545674183156926,0.545674183156926,2,3,3,8,Loyal Customers
2011-10-07,0.6178082191780822,0.5709848136217212,0.5709848136217212,2,3,3,8,Loyal Customers
2011-10-08,0.6164383561643836,0.6197653014265992,0.6197653014265992,2,3,3,8,Loyal Customers
2011-10-09,0.6150684931506849,0.6315002300966406,0.6315002300966406,2,3,3,8,Loyal Customers
2011-10-10,0.6136986301369863,0.5861711919005983,0.5861711919005983,2,3,3,8,Loyal Customers
2011-10-11,0.6123287671232877,0.5224344224574321,0.5224344224574321,2,3,3,8,Loyal Customers
2011-10-12,0.6109589041095891,0.2754256787850897,0.2754256787850897,2,1,1,4,At Risk
2011-10-13,0.6095890410958904,0.332604693971468,0.332604693971468,2,1,1,4,At Risk
2011-10-14,0.6082191780821918,0.41670501610676486,0.41670501610676486,2,2,2,6,Potential Customers
2011-10-15,0.6068493150684932,0.5976760239300507,0.5976760239300507,2,3,3,8,Loyal Customers
2011-10-16,0.6054794520547945,0.5774275195582145,0.5774275195582145,2,3,3,8,Loyal Customers
2011-10-17,0.6041095890410959,0.5232397606994938,0.5232397606994938,2,3,3,8,Loyal Customers
2011-10-18,0.6027397260273972,0.543718361711919,0.543718361711919,2,3,3,8,Loyal Customers
2011-10-19,0.6013698630136987,0.27634606534744593,0.27634606534744593,2,1,1,4,At Risk
2011-10-20,0.6,0.4800966405890474,0.4800966405890474,2,2,2,6,Potential Customers
2011-10-21,0.5986301369863014,0.49263690750115047,0.49263690750115047,2,2,2,6,Potential Customers
2011-10-22,0.5972602739726027,0.49309710078232855,0.49309710078232855,2,2,2,6,Potential Customers
2011-10-23,0.5958904109589042,0.5014956281638289,0.5014956281638289,2,2,2,6,Potential Customers
2011-10-24,0.5945205479452055,0.4791762540266912,0.4791762540266912,2,2,2,6,Potential Customers
2011-10-25,0.5931506849315068,0.5367004141739531,0.5367004141739531,2,3,3,8,Loyal Customers
2011-10-26,0.5917808219178082,0.44546709618039576,0.44546709618039576,2,2,2,6,Potential Customers
2011-10-27,0.5904109589041096,0.303382420616659,0.303382420616659,2,1,1,4,At Risk
2011-10-28,0.589041095890411,0.4285549930971008,0.4285549930971008,2,2,2,6,Potential Customers
2011-10-29,0.5876712328767123,0.06960423377818684,0.06960423377818684,2,1,1,4,At Risk
2011-10-30,0.5863013698630137,0.38069489185457894,0.38069489185457894,2,2,2,6,Potential Customers
2011-10-31,0.584931506849315,0.41958122411412796,0.41958122411412796,2,2,2,6,Potential Customers
2011-11-01,0.5835616438356165,0.4654855039116429,0.4654855039116429,2,2,2,6,Potential Customers
2011-11-02,0.5821917808219178,0.47906120570639665,0.47906120570639665,2,2,2,6,Potential Customers
2011-11-03,0.5808219178082192,0.45467096180395766,0.45467096180395766,2,2,2,6,Potential Customers
2011-11-04,0.5794520547945206,0.4629544408651634,0.4629544408651634,2,2,2,6,Potential Customers
2011-11-05,0.5780821917808219,0.44914864242982055,0.44914864242982055,2,2,2,6,Potential Customers
2011-11-06,0.5767123287671233,0.41728025770823746,0.41728025770823746,2,2,2,6,Potential Customers
2011-11-07,0.5753424657534246,0.46168890934192364,0.46168890934192364,2,2,2,6,Potential Customers
2011-11-08,0.5739726027397261,0.4812471237919926,0.4812471237919926,2,2,2,6,Potential Customers
2011-11-09,0.5726027397260274,0.4702024850437183,0.4702024850437183,2,2,2,6,Potential Customers
2011-11-10,0.5712328767123288,0.3349056603773585,0.3349056603773585,2,1,1,4,At Risk
2011-11-11,0.5698630136986301,0.38495167970547634,0.38495167970547634,2,2,2,6,Potential Customers
2011-11-12,0.5684931506849316,0.4653704555913484,0.4653704555913484,2,2,2,6,Potential Customers
2011-11-13,0.5671232876712329,0.42510354348826507,0.42510354348826507,2,2,2,6,Potential Customers
2011-11-14,0.5657534246575342,0.5135757017947539,0.5135757017947539,2,2,2,6,Potential Customers
2011-11-15,0.5643835616438356,0.4800966405890474,0.4800966405890474,2,2,2,6,Potential Customers
2011-11-16,0.563013698630137,0.20651173492867006,0.20651173492867006,2,1,1,4,At Risk
2011-11-17,0.5616438356164384,0.3487114588127013,0.3487114588127013,2,1,1,4,At Risk
2011-11-18,0.5602739726027397,0.38771283939254486,0.38771283939254486,2,2,2,6,Potential Customers
2011-11-19,0.5589041095890411,0.4188909341923608,0.4188909341923608,2,2,2,6,Potential Customers
2011-11-20,0.5575342465753425,0.4024390243902439,0.4024390243902439,2,2,2,6,Potential Customers
2011-11-21,0.5561643835616439,0.3155775425678785,0.3155775425678785,2,1,1,4,At Risk
2011-11-22,0.5547945205479452,0.18235158766682008,0.18235158766682008,2,1,1,4,At Risk
2011-11-23,0.5534246575342466,0.29268292682926833,0.29268292682926833,2,1,1,4,At Risk
2011-11-24,0.552054794520548,0.1694661757938334,0.1694661757938334,2,1,1,4,At Risk
2011-11-25,0.5506849315068493,0.31868384721583065,0.31868384721583065,2,1,1,4,At Risk
2011-11-26,0.5493150684931507,0.35043718361711923,0.35043718361711923,2,1,1,4,At Risk
2011-11-27,0.547945205479452,0.3507823285780028,0.3507823285780028,2,1,1,4,At Risk
2011-11-28,0.5465753424657535,0.4423607915324436,0.4423607915324436,2,2,2,6,Potential Customers
2011-11-29,0.5452054794520548,0.33271974229176254,0.33271974229176254,2,1,1,4,At Risk
2011-11-30,0.5438356164383562,0.41313851817763464,0.41313851817763464,2,2,2,6,Potential Customers
2011-12-01,0.5424657534246575,0.4262540266912103,0.4262540266912103,2,2,2,6,Potential Customers
2011-12-02,0.541095890410959,0.4507593189139439,0.4507593189139439,2,2,2,6,Potential Customers
2011-12-03,0.5397260273972603,0.41325356649792916,0.41325356649792916,2,2,2,6,Potential Customers
2011-12-04,0.5383561643835616,0.3984123331799356,0.3984123331799356,2,2,2,6,Potential Customers
2011-12-05,0.536986301369863,0.4359180855959503,0.4359180855959503,2,2,2,6,Potential Customers
2011-12-06,0.5356164383561643,0.295904279797515,0.295904279797515,2,1,1,4,At Risk
2011-12-07,0.5342465753424658,0.07857800276115968,0.07857800276115968,2,1,1,4,At Risk
2011-12-08,0.5328767123287671,0.3796594569719282,0.3796594569719282,2,2,2,6,Potential Customers
2011-12-09,0.5315068493150685,0.4139438564196963,0.4139438564196963,2,2,2,6,Potential Customers
2011-12-10,0.5301369863013699,0.3644730786930511,0.3644730786930511,2,2,2,6,Potential Customers
2011-12-11,0.5287671232876713,0.313046479521399,0.313046479521399,2,1,1,4,At Risk
2011-12-12,0.5273972602739726,0.3782788771283939,0.3782788771283939,2,2,2,6,Potential Customers
2011-12-13,0.526027397260274,0.4027841693511275,0.4027841693511275,2,2,2,6,Potential Customers
2011-12-14,0.5246575342465754,0.42774965485503913,0.42774965485503913,2,2,2,6,Potential Customers
2011-12-15,0.5232876712328767,0.4241831569259089,0.4241831569259089,2,2,2,6,Potential Customers
2011-12-16,0.5219178082191781,0.40899677864703177,0.40899677864703177,2,2,2,6,Potential Customers
2011-12-17,0.5205479452054794,0.3125862862402209,0.3125862862402209,2,1,1,4,At Risk
2011-12-18,0.5191780821917809,0.27715140358950763,0.27715140358950763,2,1,1,4,At Risk
2011-12-19,0.5178082191780822,0.38897837091578463,0.38897837091578463,2,2,2,6,Potential Customers
2011-12-20,0.5164383561643836,0.4289001380579844,0.4289001380579844,2,2,2,6,Potential Customers
2011-12-21,0.5150684931506849,0.3034974689369535,0.3034974689369535,2,1,1,4,At Risk
2011-12-22,0.5136986301369864,0.35043718361711923,0.35043718361711923,2,1,1,4,At Risk
2011-12-23,0.5123287671232877,0.25161067648412333,0.25161067648412333,2,1,1,4,At Risk
2011-12-24,0.510958904109589,0.11378278877128395,0.11378278877128395,2,1,1,4,At Risk
2011-12-25,0.5095890410958904,0.08421537045559135,0.08421537045559135,2,1,1,4,At Risk
2011-12-26,0.5082191780821917,0.1489875747814082,0.1489875747814082,2,1,1,4,At Risk
2011-12-27,0.5068493150684932,0.13115508513575702,0.13115508513575702,2,1,1,4,At Risk
2011-12-28,0.5054794520547945,0.26231017027151404,0.26231017027151404,2,1,1,4,At Risk
2011-12-29,0.5041095890410959,0.2762310170271514,0.2762310170271514,2,1,1,4,At Risk
2011-12-30,0.5027397260273972,0.34249884951679704,0.34249884951679704,2,1,1,4,At Risk
2011-12-31,0.5013698630136987,0.2833640128854119,0.2833640128854119,2,1,1,4,At Risk
2012-01-01,0.5,0.26138978370915783,0.26138978370915783,3,1,1,5,Potential Customers
2012-01-02,0.4986301369863014,0.22192820984813622,0.22192820984813622,3,1,1,5,Potential Customers
2012-01-03,0.49726027397260275,0.25471698113207547,0.25471698113207547,3,1,1,5,Potential Customers
2012-01-04,0.4958904109589041,0.2699033594109526,0.2699033594109526,3,1,1,5,Potential Customers
2012-01-05,0.4945205479452055,0.37390704095720206,0.37390704095720206,3,2,2,7,Loyal Customers
2012-01-06,0.4931506849315069,0.4689369535204786,0.4689369535204786,3,2,2,7,Loyal Customers
2012-01-07,0.4917808219178082,0.5176023930050622,0.5176023930050622,3,2,2,7,Loyal Customers
2012-01-08,0.4904109589041096,0.3915094339622642,0.3915094339622642,3,2,2,7,Loyal Customers
2012-01-09,0.48904109589041095,0.27082374597330877,0.27082374597330877,3,1,1,5,Potential Customers
2012-01-10,0.4876712328767123,0.4114127933732168,0.4114127933732168,3,2,2,7,Loyal Customers
2012-01-11,0.4863013698630137,0.24792913023469862,0.24792913023469862,3,1,1,5,Potential Customers
2012-01-12,0.4849315068493151,0.468821905200184,0.468821905200184,3,2,2,7,Loyal Customers
2012-01-13,0.48356164383561645,0.36723423838011965,0.36723423838011965,3,2,2,7,Loyal Customers
2012-01-14,0.4821917808219178,0.28428439944776807,0.28428439944776807,3,1,1,5,Potential Customers
2012-01-15,0.4808219178082192,0.2633456051541648,0.2633456051541648,3,1,1,5,Potential Customers
2012-01-16,0.4794520547945206,0.26184997699033596,0.26184997699033596,3,1,1,5,Potential Customers
2012-01-17,0.4780821917808219,0.33513575701794757,0.33513575701794757,3,1,1,5,Potential Customers
2012-01-18,0.4767123287671233,0.3858720662678325,0.3858720662678325,3,2,2,7,Loyal Customers
2012-01-19,0.47534246575342465,0.3762080073630925,0.3762080073630925,3,2,2,7,Loyal Customers
2012-01-20,0.473972602739726,0.361366774045099,0.361366774045099,3,2,2,7,Loyal Customers
2012-01-21,0.4726027397260274,0.14714680165669583,0.14714680165669583,3,1,1,5,Potential Customers
2012-01-22,0.4712328767123288,0.22491946617579384,0.22491946617579384,3,1,1,5,Potential Customers
2012-01-23,0.46986301369863015,0.27726645190980215,0.27726645190980215,3,1,1,5,Potential Customers
2012-01-24,0.4684931506849315,0.49666359871145876,0.49666359871145876,3,2,2,7,Loyal Customers
2012-01-25,0.4671232876712329,0.48872526461113663,0.48872526461113663,3,2,2,7,Loyal Customers
2012-01-26,0.4657534246575343,0.4662908421537046,0.4662908421537046,3,2,2,7,Loyal Customers
2012-01-27,0.4643835616438356,0.3950759318913944,0.3950759318913944,3,2,2,7,Loyal Customers
2012-01-28,0.46301369863013697,0.46030832949838935,0.46030832949838935,3,2,2,7,Loyal Customers
2012-01-29,0.46164383561643835,0.37057063966866083,0.37057063966866083,3,2,2,7,Loyal Customers
2012-01-30,0.4602739726027397,0.4144040497008744,0.4144040497008744,3,2,2,7,Loyal Customers
2012-01-31,0.4589041095890411,0.5162218131615278,0.5162218131615278,3,2,2,7,Loyal Customers
2012-02-01,0.4575342465753425,0.5242751955821445,0.5242751955821445,3,3,3,9,Loyal Customers
2012-02-02,0.45616438356164385,0.43016566958122415,0.43016566958122415,3,2,2,7,Loyal Customers
2012-02-03,0.4547945205479452,0.4750345144960883,0.4750345144960883,3,2,2,7,Loyal Customers
2012-02-04,0.4534246575342466,0.3232857800276116,0.3232857800276116,3,1,1,5,Potential Customers
2012-02-05,0.452054794520548,0.33651633686148186,0.33651633686148186,3,1,1,5,Potential Customers
2012-02-06,0.4506849315068493,0.43281178094799816,0.43281178094799816,3,2,2,7,Loyal Customers
2012-02-07,0.44931506849315067,0.5008053382420616,0.5008053382420616,3,2,2,7,Loyal Customers
2012-02-08,0.44794520547945205,0.3198343304187759,0.3198343304187759,3,1,1,5,Potential Customers
2012-02-09,0.4465753424657534,0.4381040036815463,0.4381040036815463,3,2,2,7,Loyal Customers
2012-02-10,0.4452054794520548,0.4382190520018408,0.4382190520018408,3,2,2,7,Loyal Customers
2012-02-11,0.4438356164383562,0.2470087436723424,0.2470087436723424,3,1,1,5,Potential Customers
2012-02-12,0.44246575342465755,0.17337781868384722,0.17337781868384722,3,1,1,5,Potential Customers
2012-02-13,0.4410958904109589,0.3911642890013806,0.3911642890013806,3,2,2,7,Loyal Customers
2012-02-14,0.4397260273972603,0.4486884491486424,0.4486884491486424,3,2,2,7,Loyal Customers
2012-02-15,0.4383561643835616,0.47710538426138976,0.47710538426138976,3,2,2,7,Loyal Customers
2012-02-16,0.436986301369863,0.3431891394385642,0.3431891394385642,3,1,1,5,Potential Customers
2012-02-17,0.43561643835616437,0.4753796594569719,0.4753796594569719,3,2,2,7,Loyal Customers
2012-02-18,0.43424657534246575,0.4942475839852738,0.4942475839852738,3,2,2,7,Loyal Customers
2012-02-19,0.4328767123287671,0.30683387022549474,0.30683387022549474,3,1,1,5,Potential Customers
2012-02-20,0.4315068493150685,0.35745513115508515,0.35745513115508515,3,1,1,5,Potential Customers
2012-02-21,0.4301369863013699,0.4320064427059365,0.4320064427059365,3,2,2,7,Loyal Customers
2012-02-22,0.42876712328767125,0.5465945697192821,0.5465945697192821,3,3,3,9,Loyal Customers
2012-02-23,0.4273972602739726,0.5798435342843995,0.5798435342843995,3,3,3,9,Loyal Customers
2012-02-24,0.426027397260274,0.3986424298205246,0.3986424298205246,3,2,2,7,Loyal Customers
2012-02-25,0.4246575342465753,0.31178094799815925,0.31178094799815925,3,1,1,5,Potential Customers
2012-02-26,0.4232876712328767,0.3873676944316613,0.3873676944316613,3,2,2,7,Loyal Customers
2012-02-27,0.42191780821917807,0.4947077772664519,0.4947077772664519,3,2,2,7,Loyal Customers
2012-02-28,0.42054794520547945,0.49942475839852735,0.49942475839852735,3,2,2,7,Loyal Customers
2012-02-29,0.4191780821917808,0.20846755637367695,0.20846755637367695,3,1,1,5,Potential Customers
2012-03-01,0.4178082191780822,0.5715600552231938,0.5715600552231938,3,3,3,9,Loyal Customers
2012-03-02,0.41643835616438357,0.3649332719742292,0.3649332719742292,3,2,2,7,Loyal Customers
2012-03-03,0.41506849315068495,0.46525540727105386,0.46525540727105386,3,2,2,7,Loyal Customers
2012-03-04,0.4136986301369863,0.39127933732167514,0.39127933732167514,3,2,2,7,Loyal Customers
2012-03-05,0.4123287671232877,0.380924988495168,0.380924988495168,3,2,2,7,Loyal Customers
2012-03-06,0.410958904109589,0.45260009203865625,0.45260009203865625,3,2,2,7,Loyal Customers
2012-03-07,0.4095890410958904,0.563046479521399,0.563046479521399,3,3,3,9,Loyal Customers
2012-03-08,0.40821917808219177,0.6166589967786471,0.6166589967786471,3,3,3,9,Loyal Customers
2012-03-09,0.40684931506849314,0.5231247123791993,0.5231247123791993,3,3,3,9,Loyal Customers
2012-03-10,0.4054794520547945,0.47123791992636904,0.47123791992636904,3,2,2,7,Loyal Customers
2012-03-11,0.4041095890410959,0.5624712379199264,0.5624712379199264,3,3,3,9,Loyal Customers
2012-03-12,0.40273972602739727,0.606994937873907,0.606994937873907,3,3,3,9,Loyal Customers
2012-03-13,0.40136986301369865,0.6701564657156006,0.6701564657156006,3,3,3,9,Loyal Customers
2012-03-14,0.4,0.7236539346525541,0.7236539346525541,3,4,4,11,Best Customers
2012-03-15,0.3986301369863014,0.7098481362172112,0.7098481362172112,3,4,4,11,Best Customers
2012-03-16,0.3972602739726027,0.5011504832029453,0.5011504832029453,3,2,2,7,Loyal Customers
2012-03-17,0.3958904109589041,0.8989875747814082,0.8989875747814082,3,4,4,11,Best Customers
2012-03-18,0.39452054794520547,0.6753336401288541,0.6753336401288541,3,3,3,9,Loyal Customers
2012-03-19,0.39315068493150684,0.7053612517257248,0.7053612517257248,3,4,4,11,Best Customers
2012-03-20,0.3917808219178082,0.6984583525080534,0.6984583525080534,3,4,4,11,Best Customers
2012-03-21,0.3904109589041096,0.7142199723884032,0.7142199723884032,3,4,4,11,Best Customers
2012-03-22,0.38904109589041097,0.7879659456971928,0.7879659456971928,3,4,4,11,Best Customers
2012-03-23,0.38767123287671235,0.9595029912563277,0.9595029912563277,3,4,4,11,Best Customers
2012-03-24,0.3863013698630137,0.3854118729866544,0.3854118729866544,3,2,2,7,Loyal Customers
2012-03-25,0.3849315068493151,0.5722503451449609,0.5722503451449609,3,3,3,9,Loyal Customers
2012-03-26,0.3835616438356164,0.6369075011504832,0.6369075011504832,3,3,3,9,Loyal Customers
2012-03-27,0.3821917808219178,0.5844454670961804,0.5844454670961804,3,3,3,9,Loyal Customers
2012-03-28,0.38082191780821917,0.6530142659917165,0.6530142659917165,3,3,3,9,Loyal Customers
2012-03-29,0.37945205479452054,0.7030602853198343,0.7030602853198343,3,4,4,11,Best Customers
2012-03-30,0.3780821917808219,0.6255177174413253,0.6255177174413253,3,3,3,9,Loyal Customers
2012-03-31,0.3767123287671233,0.7147952139898758,0.7147952139898758,3,4,4,11,Best Customers
2012-04-01,0.37534246575342467,0.6924758398527382,0.6924758398527382,3,4,4,11,Best Customers
2012-04-02,0.37397260273972605,0.6803957662218132,0.6803957662218132,3,3,3,9,Loyal Customers
2012-04-03,0.3726027397260274,0.776576161988035,0.776576161988035,3,4,4,11,Best Customers
2012-04-04,0.3712328767123288,0.737919926369075,0.737919926369075,3,4,4,11,Best Customers
2012-04-05,0.3698630136986301,0.74033594109526,0.74033594109526,3,4,4,11,Best Customers
2012-04-06,0.3684931506849315,0.7406810860561436,0.7406810860561436,3,4,4,11,Best Customers
2012-04-07,0.36712328767123287,0.7863552692130695,0.7863552692130695,3,4,4,11,Best Customers
2012-04-08,0.36575342465753424,0.5921537045559135,0.5921537045559135,3,3,3,9,Loyal Customers
2012-04-09,0.3643835616438356,0.6400138057984354,0.6400138057984354,3,3,3,9,Loyal Customers
2012-04-10,0.363013698630137,0.6783248964565117,0.6783248964565117,3,3,3,9,Loyal Customers
2012-04-11,0.36164383561643837,0.5568338702254947,0.5568338702254947,3,3,3,9,Loyal Customers
2012-04-12,0.36027397260273974,0.6197653014265992,0.6197653014265992,3,3,3,9,Loyal Customers
2012-04-13,0.3589041095890411,0.7335480901978831,0.7335480901978831,3,4,4,11,Best Customers
2012-04-14,0.3575342465753425,0.8557294063506673,0.8557294063506673,3,4,4,11,Best Customers
2012-04-15,0.3561643835616438,0.8179935572940635,0.8179935572940635,3,4,4,11,Best Customers
2012-04-16,0.3547945205479452,0.7303267372296365,0.7303267372296365,3,4,4,11,Best Customers
2012-04-17,0.35342465753424657,0.7672572480441786,0.7672572480441786,3,4,4,11,Best Customers
2012-04-18,0.35205479452054794,0.4998849516797054,0.4998849516797054,3,2,2,7,Loyal Customers
2012-04-19,0.3506849315068493,0.7527611596870686,0.7527611596870686,3,4,4,11,Best Customers
2012-04-20,0.3493150684931507,0.8361711919005983,0.8361711919005983,3,4,4,11,Best Customers
2012-04-21,0.34794520547945207,0.7595490105844455,0.7595490105844455,3,4,4,11,Best Customers
2012-04-22,0.34657534246575344,0.11562356189599632,0.11562356189599632,3,1,1,5,Potential Customers
2012-04-23,0.3452054794520548,0.36723423838011965,0.36723423838011965,3,2,2,7,Loyal Customers
2012-04-24,0.34383561643835614,0.6455361251725725,0.6455361251725725,3,3,3,9,Loyal Customers
2012-04-25,0.3424657534246575,0.7103083294983894,0.7103083294983894,3,4,4,11,Best Customers
2012-04-26,0.3410958904109589,0.5757017947537966,0.5757017947537966,3,3,3,9,Loyal Customers
2012-04-27,0.33972602739726027,0.7145651173492867,0.7145651173492867,3,4,4,11,Best Customers
2012-04-28,0.33835616438356164,0.4829728485964105,0.4829728485964105,3,2,2,7,Loyal Customers
2012-04-29,0.336986301369863,0.722733548090198,0.722733548090198,3,4,4,11,Best Customers
2012-04-30,0.3356164383561644,0.6385181776346066,0.6385181776346066,3,3,3,9,Loyal Customers
2012-05-01,0.33424657534246577,0.6578462954440866,0.6578462954440866,3,3,3,9,Loyal Customers
2012-05-02,0.33287671232876714,0.7072020248504373,0.7072020248504373,3,4,4,11,Best Customers
2012-05-03,0.3315068493150685,0.7361942015646572,0.7361942015646572,3,4,4,11,Best Customers
2012-05-04,0.33013698630136984,0.7218131615278417,0.7218131615278417,3,4,4,11,Best Customers
2012-05-05,0.3287671232876712,0.7893465255407272,0.7893465255407272,3,4,4,11,Best Customers
2012-05-06,0.3273972602739726,0.7290612057063968,0.7290612057063968,3,4,4,11,Best Customers
2012-05-07,0.32602739726027397,0.7191670501610676,0.7191670501610676,3,4,4,11,Best Customers
2012-05-08,0.32465753424657534,0.6564657156005522,0.6564657156005522,3,3,3,9,Loyal Customers
2012-05-09,0.3232876712328767,0.5401518637827888,0.5401518637827888,3,3,3,9,Loyal Customers
2012-05-10,0.3219178082191781,0.7535664979291302,0.7535664979291302,3,4,4,11,Best Customers
2012-05-11,0.32054794520547947,0.8062586286240221,0.8062586286240221,3,4,4,11,Best Customers
2012-05-12,0.31917808219178084,0.8521629084215371,0.8521629084215371,3,4,4,11,Best Customers
2012-05-13,0.3178082191780822,0.7013345605154165,0.7013345605154165,3,4,4,11,Best Customers
2012-05-14,0.31643835616438354,0.3245513115508514,0.3245513115508514,3,1,1,5,Potential Customers
2012-05-15,0.3150684931506849,0.5859410952600093,0.5859410952600093,3,3,3,9,Loyal Customers
2012-05-16,0.3136986301369863,0.8515876668200645,0.8515876668200645,3,4,4,11,Best Customers
2012-05-17,0.31232876712328766,0.8469857340082835,0.8469857340082835,3,4,4,11,Best Customers
2012-05-18,0.31095890410958904,0.8763230556833871,0.8763230556833871,3,4,4,11,Best Customers
2012-05-19,0.3095890410958904,0.9516797054763001,0.9516797054763001,3,4,4,11,Best Customers
2012-05-20,0.3082191780821918,0.81764841233318,0.81764841233318,3,4,4,11,Best Customers
2012-05-21,0.30684931506849317,0.49896456511734927,0.49896456511734927,3,2,2,7,Loyal Customers
2012-05-22,0.30547945205479454,0.6961573861021629,0.6961573861021629,3,4,4,11,Best Customers
2012-05-23,0.3041095890410959,0.6026231017027152,0.6026231017027152,3,3,3,9,Loyal Customers
2012-05-24,0.30273972602739724,0.776346065347446,0.776346065347446,3,4,4,11,Best Customers
2012-05-25,0.3013698630136986,0.7722043258168431,0.7722043258168431,3,4,4,11,Best Customers
2012-05-26,0.3,0.7494247583985274,0.7494247583985274,3,4,4,11,Best Customers
2012-05-27,0.29863013698630136,0.7557524160147262,0.7557524160147262,3,4,4,11,Best Customers
2012-05-28,0.29726027397260274,0.6927059364933272,0.6927059364933272,3,4,4,11,Best Customers
2012-05-29,0.2958904109589041,0.6581914404049701,0.6581914404049701,3,3,3,9,Loyal Customers
2012-05-30,0.2945205479452055,0.7861251725724805,0.7861251725724805,3,4,4,11,Best Customers
2012-05-31,0.29315068493150687,0.8416935112747355,0.8416935112747355,3,4,4,11,Best Customers
2012-06-01,0.29178082191780824,0.4722733548090198,0.4722733548090198,3,2,2,7,Loyal Customers
2012-06-02,0.2904109589041096,0.931661297745053,0.931661297745053,3,4,4,11,Best Customers
2012-06-03,0.28904109589041094,0.8765531523239761,0.8765531523239761,3,4,4,11,Best Customers
2012-06-04,0.2876712328767123,0.8025770823745974,0.8025770823745974,3,4,4,11,Best Customers
2012-06-05,0.2863013698630137,0.8029222273354809,0.8029222273354809,3,4,4,11,Best Customers
2012-06-06,0.28493150684931506,0.8091348366313852,0.8091348366313852,3,4,4,11,Best Customers
2012-06-07,0.28356164383561644,0.8596410492406811,0.8596410492406811,3,4,4,11,Best Customers
2012-06-08,0.2821917808219178,0.8874827427519558,0.8874827427519558,3,4,4,11,Best Customers
2012-06-09,0.2808219178082192,0.8601012425218593,0.8601012425218593,3,4,4,11,Best Customers
2012-06-10,0.27945205479452057,0.7565577542567878,0.7565577542567878,3,4,4,11,Best Customers
2012-06-11,0.27808219178082194,0.7641509433962265,0.7641509433962265,3,4,4,11,Best Customers
2012-06-12,0.2767123287671233,0.5694891854578923,0.5694891854578923,3,3,3,9,Loyal Customers
2012-06-13,0.27534246575342464,0.8512425218591809,0.8512425218591809,3,4,4,11,Best Customers
2012-06-14,0.273972602739726,0.8445697192820986,0.8445697192820986,3,4,4,11,Best Customers
2012-06-15,0.2726027397260274,0.8793143120110447,0.8793143120110447,3,4,4,11,Best Customers
2012-06-16,0.27123287671232876,0.883571099861942,0.883571099861942,3,4,4,11,Best Customers
2012-06-17,0.26986301369863014,0.8002761159687068,0.8002761159687068,3,4,4,11,Best Customers
2012-06-18,0.2684931506849315,0.5841003221352968,0.5841003221352968,3,3,3,9,Loyal Customers
2012-06-19,0.2671232876712329,0.7826737229636448,0.7826737229636448,3,4,4,11,Best Customers
2012-06-20,0.26575342465753427,0.7120340543028072,0.7120340543028072,3,4,4,11,Best Customers
2012-06-21,0.26438356164383564,0.676829268292683,0.676829268292683,3,3,3,9,Loyal Customers
2012-06-22,0.263013698630137,0.667395306028532,0.667395306028532,3,3,3,9,Loyal Customers
2012-06-23,0.26164383561643834,0.8554993097100783,0.8554993097100783,3,4,4,11,Best Customers
2012-06-24,0.2602739726027397,0.7902669121030833,0.7902669121030833,3,4,4,11,Best Customers
2012-06-25,0.2589041095890411,0.7773815002300967,0.7773815002300967,3,4,4,11,Best Customers
2012-06-26,0.25753424657534246,0.853658536585366,0.853658536585366,3,4,4,11,Best Customers
2012-06-27,0.25616438356164384,0.8413483663138519,0.8413483663138519,3,4,4,11,Best Customers
2012-06-28,0.2547945205479452,0.7888863322595491,0.7888863322595491,3,4,4,11,Best Customers
2012-06-29,0.2534246575342466,0.6259779107225035,0.6259779107225035,3,3,3,9,Loyal Customers
2012-06-30,0.25205479452054796,0.6517487344684768,0.6517487344684768,3,3,3,9,Loyal Customers
2012-07-01,0.25068493150684934,0.6338011965025311,0.6338011965025311,3,3,3,9,Loyal Customers
2012-07-02,0.2493150684931507,0.7138748274275196,0.7138748274275196,4,4,4,12,Best Customers
2012-07-03,0.24794520547945206,0.7636907501150484,0.7636907501150484,4,4,4,12,Best Customers
2012-07-04,0.24657534246575344,0.8491716520938795,0.8491716520938795,4,4,4,12,Best Customers
2012-07-05,0.2452054794520548,0.7154855039116429,0.7154855039116429,4,4,4,12,Best Customers
2012-07-06,0.24383561643835616,0.7115738610216291,0.7115738610216291,4,4,4,12,Best Customers
2012-07-07,0.24246575342465754,0.5543028071790153,0.5543028071790153,4,3,3,10,Best Customers
2012-07-08,0.2410958904109589,0.5349746893695352,0.5349746893695352,4,3,3,10,Best Customers
2012-07-09,0.2397260273972603,0.7532213529682467,0.7532213529682467,4,4,4,12,Best Customers
2012-07-10,0.23835616438356164,0.7211228716060746,0.7211228716060746,4,4,4,12,Best Customers
2012-07-11,0.236986301369863,0.8331799355729407,0.8331799355729407,4,4,4,12,Best Customers
2012-07-12,0.2356164383561644,0.854118729866544,0.854118729866544,4,4,4,12,Best Customers
2012-07-13,0.23424657534246576,0.8602162908421538,0.8602162908421538,4,4,4,12,Best Customers
2012-07-14,0.23287671232876714,0.7992406810860562,0.7992406810860562,4,4,4,12,Best Customers
2012-07-15,0.23150684931506849,0.691325356649793,0.691325356649793,4,4,4,12,Best Customers
2012-07-16,0.23013698630136986,0.7832489645651174,0.7832489645651174,4,4,4,12,Best Customers
2012-07-17,0.22876712328767124,0.7781868384721583,0.7781868384721583,4,4,4,12,Best Customers
2012-07-18,0.2273972602739726,0.6547399907961344,0.6547399907961344,4,3,3,10,Best Customers
2012-07-19,0.226027397260274,0.7557524160147262,0.7557524160147262,4,4,4,12,Best Customers
2012-07-20,0.22465753424657534,0.6728025770823747,0.6728025770823747,4,3,3,10,Best Customers
2012-07-21,0.2232876712328767,0.5104693971468017,0.5104693971468017,4,2,2,8,Loyal Customers
2012-07-22,0.2219178082191781,0.8499769903359411,0.8499769903359411,4,4,4,12,Best Customers
2012-07-23,0.22054794520547946,0.7988955361251726,0.7988955361251726,4,4,4,12,Best Customers
2012-07-24,0.2191780821917808,0.8709157846295444,0.8709157846295444,4,4,4,12,Best Customers
2012-07-25,0.21780821917808219,0.9377588587206627,0.9377588587206627,4,4,4,12,Best Customers
2012-07-26,0.21643835616438356,0.7868154624942476,0.7868154624942476,4,4,4,12,Best Customers
2012-07-27,0.21506849315068494,0.7917625402669122,0.7917625402669122,4,4,4,12,Best Customers
2012-07-28,0.2136986301369863,0.7665669581224115,0.7665669581224115,4,4,4,12,Best Customers
2012-07-29,0.21232876712328766,0.7564427059364933,0.7564427059364933,4,4,4,12,Best Customers
2012-07-30,0.21095890410958903,0.8148872526461114,0.8148872526461114,4,4,4,12,Best Customers
2012-07-31,0.2095890410958904,0.8276576161988035,0.8276576161988035,4,4,4,12,Best Customers
2012-08-01,0.20821917808219179,0.8695352047860102,0.8695352047860102,4,4,4,12,Best Customers
2012-08-02,0.20684931506849316,0.8328347906120571,0.8328347906120571,4,4,4,12,Best Customers
2012-08-03,0.2054794520547945,0.8229406350667281,0.8229406350667281,4,4,4,12,Best Customers
2012-08-04,0.20410958904109588,0.7825586746433503,0.7825586746433503,4,4,4,12,Best Customers
2012-08-05,0.20273972602739726,0.626092959042798,0.626092959042798,4,3,3,10,Best Customers
2012-08-06,0.20136986301369864,0.8043028071790153,0.8043028071790153,4,4,4,12,Best Customers
2012-08-07,0.2,0.8342153704555914,0.8342153704555914,4,4,4,12,Best Customers
2012-08-08,0.19863013698630136,0.8642429820524621,0.8642429820524621,4,4,4,12,Best Customers
2012-08-09,0.19726027397260273,0.8357109986194202,0.8357109986194202,4,4,4,12,Best Customers
2012-08-10,0.1958904109589041,0.6631385181776346,0.6631385181776346,4,3,3,10,Best Customers
2012-08-11,0.19452054794520549,0.7221583064887253,0.7221583064887253,4,4,4,12,Best Customers
2012-08-12,0.19315068493150686,0.7503451449608836,0.7503451449608836,4,4,4,12,Best Customers
2012-08-13,0.1917808219178082,0.7893465255407272,0.7893465255407272,4,4,4,12,Best Customers
2012-08-14,0.19041095890410958,0.7779567418315693,0.7779567418315693,4,4,4,12,Best Customers
2012-08-15,0.18904109589041096,0.8427289461573861,0.8427289461573861,4,4,4,12,Best Customers
2012-08-16,0.18767123287671234,0.8724114127933733,0.8724114127933733,4,4,4,12,Best Customers
2012-08-17,0.1863013698630137,0.819834330418776,0.819834330418776,4,4,4,12,Best Customers
2012-08-18,0.18493150684931506,0.9023239760699494,0.9023239760699494,4,4,4,12,Best Customers
2012-08-19,0.18356164383561643,0.5208237459733088,0.5208237459733088,4,3,3,10,Best Customers
2012-08-20,0.1821917808219178,0.7487344684767603,0.7487344684767603,4,4,4,12,Best Customers
2012-08-21,0.18082191780821918,0.8034974689369535,0.8034974689369535,4,4,4,12,Best Customers
2012-08-22,0.17945205479452056,0.8459502991256328,0.8459502991256328,4,4,4,12,Best Customers
2012-08-23,0.1780821917808219,0.890819144040497,0.890819144040497,4,4,4,12,Best Customers
2012-08-24,0.17671232876712328,0.8697653014265992,0.8697653014265992,4,4,4,12,Best Customers
2012-08-25,0.17534246575342466,0.6938564196962724,0.6938564196962724,4,4,4,12,Best Customers
2012-08-26,0.17397260273972603,0.6020478601012426,0.6020478601012426,4,3,3,10,Best Customers
2012-08-27,0.1726027397260274,0.7932581684307409,0.7932581684307409,4,4,4,12,Best Customers
2012-08-28,0.17123287671232876,0.8074091118269674,0.8074091118269674,4,4,4,12,Best Customers
2012-08-29,0.16986301369863013,0.8829958582604694,0.8829958582604694,4,4,4,12,Best Customers
2012-08-30,0.1684931506849315,0.8848366313851819,0.8848366313851819,4,4,4,12,Best Customers
2012-08-31,0.16712328767123288,0.8430740911182697,0.8430740911182697,4,4,4,12,Best Customers
2012-09-01,0.16575342465753426,0.7038656235618961,0.7038656235618961,4,4,4,12,Best Customers
2012-09-02,0.1643835616438356,0.6658996778647032,0.6658996778647032,4,3,3,10,Best Customers
2012-09-03,0.16301369863013698,0.6916705016106766,0.6916705016106766,4,4,4,12,Best Customers
2012-09-04,0.16164383561643836,0.7871606074551312,0.7871606074551312,4,4,4,12,Best Customers
2012-09-05,0.16027397260273973,0.815692590888173,0.815692590888173,4,4,4,12,Best Customers
2012-09-06,0.1589041095890411,0.711113667740451,0.711113667740451,4,4,4,12,Best Customers
2012-09-07,0.15753424657534246,0.8607915324436264,0.8607915324436264,4,4,4,12,Best Customers
2012-09-08,0.15616438356164383,0.6849976990335941,0.6849976990335941,4,4,4,12,Best Customers
2012-09-09,0.1547945205479452,0.943971468016567,0.943971468016567,4,4,4,12,Best Customers
2012-09-10,0.15342465753424658,0.8632075471698114,0.8632075471698114,4,4,4,12,Best Customers
2012-09-11,0.15205479452054796,0.8910492406810862,0.8910492406810862,4,4,4,12,Best Customers
2012-09-12,0.1506849315068493,0.902899217671422,0.902899217671422,4,4,4,12,Best Customers
2012-09-13,0.14931506849315068,0.8953060285319835,0.8953060285319835,4,4,4,12,Best Customers
2012-09-14,0.14794520547945206,0.9188909341923608,0.9188909341923608,4,4,4,12,Best Customers
2012-09-15,0.14657534246575343,1.0,1.0,4,4,4,12,Best Customers
2012-09-16,0.1452054794520548,0.8411182696732629,0.8411182696732629,4,4,4,12,Best Customers
2012-09-17,0.14383561643835616,0.7877358490566038,0.7877358490566038,4,4,4,12,Best Customers
2012-09-18,0.14246575342465753,0.46606074551311555,0.46606074551311555,4,2,2,8,Loyal Customers
2012-09-19,0.1410958904109589,0.8708007363092499,0.8708007363092499,4,4,4,12,Best Customers
2012-09-20,0.13972602739726028,0.8856419696272435,0.8856419696272435,4,4,4,12,Best Customers
2012-09-21,0.13835616438356166,0.9370685687988956,0.9370685687988956,4,4,4,12,Best Customers
2012-09-22,0.136986301369863,0.963299585826047,0.963299585826047,4,4,4,12,Best Customers
2012-09-23,0.13561643835616438,0.9071560055223195,0.9071560055223195,4,4,4,12,Best Customers
2012-09-24,0.13424657534246576,0.8529682466635987,0.8529682466635987,4,4,4,12,Best Customers
2012-09-25,0.13287671232876713,0.8647031753336402,0.8647031753336402,4,4,4,12,Best Customers
2012-09-26,0.1315068493150685,0.8871375977910723,0.8871375977910723,4,4,4,12,Best Customers
2012-09-27,0.13013698630136986,0.8480211688909343,0.8480211688909343,4,4,4,12,Best Customers
2012-09-28,0.12876712328767123,0.8505522319374138,0.8505522319374138,4,4,4,12,Best Customers
2012-09-29,0.1273972602739726,0.9817073170731708,0.9817073170731708,4,4,4,12,Best Customers
2012-09-30,0.12602739726027398,0.7900368154624943,0.7900368154624943,4,4,4,12,Best Customers
2012-10-01,0.12465753424657534,0.7772664519098021,0.7772664519098021,4,4,4,12,Best Customers
2012-10-02,0.12328767123287672,0.5311780947998159,0.5311780947998159,4,3,3,10,Best Customers
2012-10-03,0.12191780821917808,0.8686148182236539,0.8686148182236539,4,4,4,12,Best Customers
2012-10-04,0.12054794520547946,0.8405430280717902,0.8405430280717902,4,4,4,12,Best Customers
2012-10-05,0.11917808219178082,0.9358030372756558,0.9358030372756558,4,4,4,12,Best Customers
2012-10-06,0.1178082191780822,0.9138288080994018,0.9138288080994018,4,4,4,12,Best Customers
2012-10-07,0.11643835616438357,0.4012885411872987,0.4012885411872987,4,2,2,8,Loyal Customers
2012-10-08,0.11506849315068493,0.6277036355269213,0.6277036355269213,4,3,3,10,Best Customers
2012-10-09,0.1136986301369863,0.732857800276116,0.732857800276116,4,4,4,12,Best Customers
2012-10-10,0.11232876712328767,0.8823055683387023,0.8823055683387023,4,4,4,12,Best Customers
2012-10-11,0.11095890410958904,0.8683847215830649,0.8683847215830649,4,4,4,12,Best Customers
2012-10-12,0.1095890410958904,0.8352508053382421,0.8352508053382421,4,4,4,12,Best Customers
2012-10-13,0.10821917808219178,0.8153474459272895,0.8153474459272895,4,4,4,12,Best Customers
2012-10-14,0.10684931506849316,0.7612747353888634,0.7612747353888634,4,4,4,12,Best Customers
2012-10-15,0.10547945205479452,0.6733778186838473,0.6733778186838473,4,3,3,10,Best Customers
2012-10-16,0.10410958904109589,0.8642429820524621,0.8642429820524621,4,4,4,12,Best Customers
2012-10-17,0.10273972602739725,0.8558444546709618,0.8558444546709618,4,4,4,12,Best Customers
2012-10-18,0.10136986301369863,0.861366774045099,0.861366774045099,4,4,4,12,Best Customers
2012-10-19,0.1,0.621491026231017,0.621491026231017,4,3,3,10,Best Customers
2012-10-20,0.09863013698630137,0.9282098481362172,0.9282098481362172,4,4,4,12,Best Customers
2012-10-21,0.09726027397260274,0.7825586746433503,0.7825586746433503,4,4,4,12,Best Customers
2012-10-22,0.0958904109589041,0.8094799815922687,0.8094799815922687,4,4,4,12,Best Customers
2012-10-23,0.09452054794520548,0.8564196962724344,0.8564196962724344,4,4,4,12,Best Customers
2012-10-24,0.09315068493150686,0.8825356649792914,0.8825356649792914,4,4,4,12,Best Customers
2012-10-25,0.09178082191780822,0.8441095260009204,0.8441095260009204,4,4,4,12,Best Customers
2012-10-26,0.09041095890410959,0.853888633225955,0.853888633225955,4,4,4,12,Best Customers
2012-10-27,0.08904109589041095,0.9008283479061207,0.9008283479061207,4,4,4,12,Best Customers
2012-10-28,0.08767123287671233,0.5104693971468017,0.5104693971468017,4,2,2,8,Loyal Customers
2012-10-29,0.0863013698630137,0.0,0.0,4,1,1,6,Potential Customers
2012-10-30,0.08493150684931507,0.12356189599631845,0.12356189599631845,4,1,1,6,Potential Customers
2012-10-31,0.08356164383561644,0.6378278877128394,0.6378278877128394,4,3,3,10,Best Customers
2012-11-01,0.0821917808219178,0.6861481822365394,0.6861481822365394,4,4,4,12,Best Customers
2012-11-02,0.08082191780821918,0.6701564657156006,0.6701564657156006,4,3,3,10,Best Customers
2012-11-03,0.07945205479452055,0.5885872066267833,0.5885872066267833,4,3,3,10,Best Customers
2012-11-04,0.07808219178082192,0.585020708697653,0.585020708697653,4,3,3,10,Best Customers
2012-11-05,0.07671232876712329,0.6025080533824206,0.6025080533824206,4,3,3,10,Best Customers
2012-11-06,0.07534246575342465,0.6516336861481823,0.6516336861481823,4,3,3,10,Best Customers
2012-11-07,0.07397260273972603,0.5767372296364474,0.5767372296364474,4,3,3,10,Best Customers
2012-11-08,0.0726027397260274,0.608950759318914,0.608950759318914,4,3,3,10,Best Customers
2012-11-09,0.07123287671232877,0.6868384721583065,0.6868384721583065,4,4,4,12,Best Customers
2012-11-10,0.06986301369863014,0.7494247583985274,0.7494247583985274,4,4,4,12,Best Customers
2012-11-11,0.0684931506849315,0.7857800276115969,0.7857800276115969,4,4,4,12,Best Customers
2012-11-12,0.06712328767123288,0.7187068568798896,0.7187068568798896,4,4,4,12,Best Customers
2012-11-13,0.06575342465753425,0.4684767602393005,0.4684767602393005,4,2,2,8,Loyal Customers
2012-11-14,0.06438356164383562,0.6296594569719283,0.6296594569719283,4,3,3,10,Best Customers
2012-11-15,0.06301369863013699,0.6239070409572021,0.6239070409572021,4,3,3,10,Best Customers
2012-11-16,0.06164383561643836,0.6530142659917165,0.6530142659917165,4,3,3,10,Best Customers
2012-11-17,0.06027397260273973,0.6450759318913944,0.6450759318913944,4,3,3,10,Best Customers
2012-11-18,0.0589041095890411,0.5346295444086516,0.5346295444086516,4,3,3,10,Best Customers
2012-11-19,0.057534246575342465,0.6301196502531063,0.6301196502531063,4,3,3,10,Best Customers
2012-11-20,0.056164383561643834,0.645651173492867,0.645651173492867,4,3,3,10,Best Customers
2012-11-21,0.0547945205479452,0.5895075931891395,0.5895075931891395,4,3,3,10,Best Customers
2012-11-22,0.05342465753424658,0.27646111366774045,0.27646111366774045,4,1,1,6,Potential Customers
2012-11-23,0.052054794520547946,0.4473078693051082,0.4473078693051082,4,2,2,8,Loyal Customers
2012-11-24,0.050684931506849315,0.25943396226415094,0.25943396226415094,4,1,1,6,Potential Customers
2012-11-25,0.049315068493150684,0.27634606534744593,0.27634606534744593,4,1,1,6,Potential Customers
2012-11-26,0.04794520547945205,0.5827197422917626,0.5827197422917626,4,3,3,10,Best Customers
2012-11-27,0.04657534246575343,0.4529452369995398,0.4529452369995398,4,2,2,8,Loyal Customers
2012-11-28,0.045205479452054796,0.6026231017027152,0.6026231017027152,4,3,3,10,Best Customers
2012-11-29,0.043835616438356165,0.6098711458812701,0.6098711458812701,4,3,3,10,Best Customers
2012-11-30,0.04246575342465753,0.6495628163828808,0.6495628163828808,4,3,3,10,Best Customers
2012-12-01,0.0410958904109589,0.5946847676023931,0.5946847676023931,4,3,3,10,Best Customers
2012-12-02,0.03972602739726028,0.5323285780027612,0.5323285780027612,4,3,3,10,Best Customers
2012-12-03,0.038356164383561646,0.7146801656695813,0.7146801656695813,4,4,4,12,Best Customers
2012-12-04,0.036986301369863014,0.7574781408191441,0.7574781408191441,4,4,4,12,Best Customers
2012-12-05,0.03561643835616438,0.6565807639208467,0.6565807639208467,4,3,3,10,Best Customers
2012-12-06,0.03424657534246575,0.6158536585365854,0.6158536585365854,4,3,3,10,Best Customers
2012-12-07,0.03287671232876713,0.5736309249884952,0.5736309249884952,4,3,3,10,Best Customers
2012-12-08,0.031506849315068496,0.6396686608375518,0.6396686608375518,4,3,3,10,Best Customers
2012-12-09,0.030136986301369864,0.368844914864243,0.368844914864243,4,2,2,8,Loyal Customers
2012-12-10,0.028767123287671233,0.5922687528762081,0.5922687528762081,4,3,3,10,Best Customers
2012-12-11,0.0273972602739726,0.6303497468936954,0.6303497468936954,4,3,3,10,Best Customers
2012-12-12,0.026027397260273973,0.609410952600092,0.609410952600092,4,3,3,10,Best Customers
2012-12-13,0.024657534246575342,0.6339162448228256,0.6339162448228256,4,3,3,10,Best Customers
2012-12-14,0.023287671232876714,0.643005062126093,0.643005062126093,4,3,3,10,Best Customers
2012-12-15,0.021917808219178082,0.5781178094799816,0.5781178094799816,4,3,3,10,Best Customers
2012-12-16,0.02054794520547945,0.4330418775885872,0.4330418775885872,4,2,2,8,Loyal Customers
2012-12-17,0.019178082191780823,0.5249654855039116,0.5249654855039116,4,3,3,10,Best Customers
2012-12-18,0.01780821917808219,0.6367924528301887,0.6367924528301887,4,3,3,10,Best Customers
2012-12-19,0.016438356164383564,0.6034284399447768,0.6034284399447768,4,3,3,10,Best Customers
2012-12-20,0.015068493150684932,0.4723884031293143,0.4723884031293143,4,2,2,8,Loyal Customers
2012-12-21,0.0136986301369863,0.41428900138057984,0.41428900138057984,4,2,2,8,Loyal Customers
2012-12-22,0.012328767123287671,0.19868844914864245,0.19868844914864245,4,1,1,6,Potential Customers
2012-12-23,0.010958904109589041,0.20306028531983433,0.20306028531983433,4,1,1,6,Potential Customers
2012-12-24,0.009589041095890411,0.10331339162448229,0.10331339162448229,4,1,1,6,Potential Customers
2012-12-25,0.008219178082191782,0.11401288541187299,0.11401288541187299,4,1,1,6,Potential Customers
2012-12-26,0.00684931506849315,0.04820524620340543,0.04820524620340543,4,1,1,6,Potential Customers
2012-12-27,0.005479452054794521,0.2406810860561436,0.2406810860561436,4,1,1,6,Potential Customers
2012-12-28,0.004109589041095891,0.35354348826507137,0.35354348826507137,4,1,1,6,Potential Customers
2012-12-29,0.0027397260273972603,0.15174873446847675,0.15174873446847675,4,1,1,6,Potential Customers
2012-12-30,0.0013698630136986301,0.20409572020248506,0.20409572020248506,4,1,1,6,Potential Customers
2012-12-31,0.0,0.3114358030372757,0.3114358030372757,4,1,1,6,Potential Customers
